first_name,last_name,email,phone_number,linkedin_url,company,designation,company_city,company_state,company_country,company_industry,company_website_url,company_linkedin_url,company_email_address,company_phone_number,keywords,seo_description
Nicole,Rodriguez,nicole.rodriguez4515@yahoo.com,001-905-673-6218x977,,Follow Build Corp.,Software Engineer,South Travis,,Congo,,https://www.follow.com,,contact@follow.com,(360)594-8672,"blockchain, cloud, sustainability, startup",Field explain race tree. Eight material pull modern present.
Barbara,Rose,barbara.rose7113@gmail.com,3353082618,,Them Enough Ltd.,VP Sales,New Charlestown,Wisconsin,,Healthcare,https://www.them.com,https://www.linkedin.com/company/them-enough,contact@them.com,+1-234-793-7873x6433,"technology, analytics, ai, growth, blockchain, sustainability",
Erica,Patrick,erica.patrick2866@but.com,8042794984,https://www.linkedin.com/in/erica-patrick-wpad87,But Mouth Inc.,Director,Romanchester,Iowa,,Energy,https://www.but.com,https://www.linkedin.com/company/but-mouth,contact@but.com,255.467.5889x88826,"saas, leadership, growth, ai, technology","Show agent guess lead boy understand opportunity. Career message beat three tonight.
Art just television yard man price factor. Take type former change remain modern."
Jordan,Jones,jordan.jones43@gmail.com,500.301.2377,https://www.linkedin.com/in/jordan-jones-lcw9,Structure Finally Corp.,Product Manager,,South Dakota,,,,https://www.linkedin.com/company/structure-finally,contact@structure.com,,"sustainability, cloud, saas, automation, consulting","Only now center free key. Officer although work evening.
Office together learn figure interview owner one. Run unit take as doctor wall remain. Ten south nice building art."
Michael,Harper,michael.harper997@outlook.com,(447)550-9786,https://www.linkedin.com/in/michael-harper-oed4y,Pay Cell Solutions,CTO,South Megan,Nevada,Jordan,Energy,,,contact@pay.com,,"sustainability, saas, technology, automation",Over edge involve. Great company Mrs along. Institution find human dark. These clear hair yeah can ready around.
Dylan,Gutierrez,dylan.gutierrez306@fast.com,+1-683-724-1693,https://www.linkedin.com/in/dylan-gutierrez-ty9ycoku,Fast Senior LLC,,,,,,,https://www.linkedin.com/company/fast-senior,,5472546154,"sustainability, ai, innovation, leadership","Friend good exactly turn. Security above parent explain pretty cover.
Television matter pick see better. Miss plan southern it eight indeed enjoy."
Jackson,Campbell,jackson.campbell65@outlook.com,001-518-838-5979x101,https://www.linkedin.com/in/jackson-campbell-mu7jwfgy,Structure Finally Corp.,HR Manager,,South Dakota,,,,https://www.linkedin.com/company/structure-finally,contact@structure.com,,"sustainability, cloud, saas, automation, consulting","Only now center free key. Officer although work evening.
Office together learn figure interview owner one. Run unit take as doctor wall remain. Ten south nice building art."
Jennifer,Vaughn,jennifer.vaughn192@yahoo.com,(620)562-1483,https://www.linkedin.com/in/jennifer-vaughn-dool7,Somebody Media Corp.,Sales Representative,Nicholsshire,,United Kingdom,Finance,https://www.somebody.com,https://www.linkedin.com/company/somebody-media,contact@somebody.com,+1-291-455-9209,"ai, analytics, consulting, cloud, saas",Arrive drug light tax. Black million half during financial. Not add ask perhaps. Become stage job.
Rachel,Hall,rachel.hall17@outlook.com,265.931.9755x31503,https://www.linkedin.com/in/rachel-hall-noz5h8v,Somebody Media Corp.,Sales Representative,Nicholsshire,,United Kingdom,Finance,https://www.somebody.com,https://www.linkedin.com/company/somebody-media,contact@somebody.com,+1-291-455-9209,"ai, analytics, consulting, cloud, saas",Arrive drug light tax. Black million half during financial. Not add ask perhaps. Become stage job.
John,Pineda,john.pineda848@study.com,001-322-594-5004x00550,https://www.linkedin.com/in/john-pineda-dy2s8p5,Study Wife Inc.,Manager,Davidport,Utah,Italy,Real Estate,https://www.study.com,https://www.linkedin.com/company/study-wife,,907-989-2062x2645,"technology, automation, startup, growth, cloud, sustainability",
John,Mason,john.mason415@follow.com,(716)983-3010x75136,https://www.linkedin.com/in/john-mason-gxnn2,Follow Build Corp.,HR Manager,South Travis,,Congo,,https://www.follow.com,,contact@follow.com,(360)594-8672,"blockchain, cloud, sustainability, startup",Field explain race tree. Eight material pull modern present.
Sean,Hall,sean.hall812@gmail.com,798.564.4995x368,https://www.linkedin.com/in/sean-hall-6bhx0d5,Pay Cell Solutions,Software Engineer,South Megan,Nevada,Jordan,Energy,,,contact@pay.com,,"sustainability, saas, technology, automation",Over edge involve. Great company Mrs along. Institution find human dark. These clear hair yeah can ready around.
Felicia,Pollard,felicia.pollard333@performance.com,001-739-715-1125,https://www.linkedin.com/in/felicia-pollard-py66,Performance Experience Inc.,Director,North Adambury,Oklahoma,Chad,,https://www.performance.com,https://www.linkedin.com/company/performance-experience,contact@performance.com,,"growth, enterprise, automation, innovation, blockchain, digital",
Jeff,Fernandez,jeff.fernandez6947@outlook.com,001-241-732-0705x87696,https://www.linkedin.com/in/jeff-fernandez-7v8z7h,Treatment Season Group,Business Analyst,East Cindyland,,Kenya,Consulting,https://www.treatment.com,,contact@treatment.com,+1-786-869-0825x69582,"blockchain, analytics, digital, technology",
Brian,Smith,brian.smith135@follow.com,(876)236-5832x45991,,Follow Build Corp.,Sales Representative,South Travis,,Congo,,https://www.follow.com,,contact@follow.com,(360)594-8672,"blockchain, cloud, sustainability, startup",Field explain race tree. Eight material pull modern present.
Alexis,Barrett,alexis.barrett852@yahoo.com,743-333-3251,,Pay Cell Solutions,Business Analyst,South Megan,Nevada,Jordan,Energy,,,contact@pay.com,,"sustainability, saas, technology, automation",Over edge involve. Great company Mrs along. Institution find human dark. These clear hair yeah can ready around.
Jamie,Young,jamie.young4961@outlook.com,331.516.2770x998,https://www.linkedin.com/in/jamie-young-5rg8tlk,Somebody Media Corp.,VP Sales,Nicholsshire,,United Kingdom,Finance,https://www.somebody.com,https://www.linkedin.com/company/somebody-media,contact@somebody.com,+1-291-455-9209,"ai, analytics, consulting, cloud, saas",Arrive drug light tax. Black million half during financial. Not add ask perhaps. Become stage job.
Bethany,Johnson,bethany.johnson41@outlook.com,853.292.7519,,Somebody Media Corp.,CTO,Nicholsshire,,United Kingdom,Finance,https://www.somebody.com,https://www.linkedin.com/company/somebody-media,contact@somebody.com,+1-291-455-9209,"ai, analytics, consulting, cloud, saas",Arrive drug light tax. Black million half during financial. Not add ask perhaps. Become stage job.
Jasmin,Elliott,jasmin.elliott931@gmail.com,448-489-9065x69304,,Treatment Season Group,Business Analyst,East Cindyland,,Kenya,Consulting,https://www.treatment.com,,contact@treatment.com,+1-786-869-0825x69582,"blockchain, analytics, digital, technology",
Elijah,Johnson,elijah.johnson75@outlook.com,(267)670-0079x0083,https://www.linkedin.com/in/elijah-johnson-v0kb,But Mouth Inc.,Marketing Manager,Romanchester,Iowa,,Energy,https://www.but.com,https://www.linkedin.com/company/but-mouth,contact@but.com,255.467.5889x88826,"saas, leadership, growth, ai, technology","Show agent guess lead boy understand opportunity. Career message beat three tonight.
Art just television yard man price factor. Take type former change remain modern."
Herbert,Strickland,herbert.strickland129@somebody.com,(353)949-7438,https://www.linkedin.com/in/herbert-strickland-bqyg39,Somebody Media Corp.,HR Manager,Nicholsshire,,United Kingdom,Finance,https://www.somebody.com,https://www.linkedin.com/company/somebody-media,contact@somebody.com,+1-291-455-9209,"ai, analytics, consulting, cloud, saas",Arrive drug light tax. Black million half during financial. Not add ask perhaps. Become stage job.
James,Ellis,james.ellis0895@yahoo.com,(741)958-8136x9489,https://www.linkedin.com/in/james-ellis-lqgmmge0,Pay Cell Solutions,CFO,South Megan,Nevada,Jordan,Energy,,,contact@pay.com,,"sustainability, saas, technology, automation",Over edge involve. Great company Mrs along. Institution find human dark. These clear hair yeah can ready around.
Margaret,Garza,margaret.garza49@but.com,+1-395-435-0656x75472,,But Mouth Inc.,Software Engineer,Romanchester,Iowa,,Energy,https://www.but.com,https://www.linkedin.com/company/but-mouth,contact@but.com,255.467.5889x88826,"saas, leadership, growth, ai, technology","Show agent guess lead boy understand opportunity. Career message beat three tonight.
Art just television yard man price factor. Take type former change remain modern."
Larry,Jones,larry.jones742@yahoo.com,(572)581-4824x92618,https://www.linkedin.com/in/larry-jones-7nysvp,Reason Their Inc.,,Caseyberg,,Angola,,https://www.reason.com,https://www.linkedin.com/company/reason-their,,,,
Allison,Rocha,allison.rocha750@gmail.com,(701)903-0033x441,https://www.linkedin.com/in/allison-rocha-9699v,Fast Senior LLC,CFO,,,,,,https://www.linkedin.com/company/fast-senior,,5472546154,"sustainability, ai, innovation, leadership","Friend good exactly turn. Security above parent explain pretty cover.
Television matter pick see better. Miss plan southern it eight indeed enjoy."
Christine,Cox,christine.cox014@performance.com,342.438.3912,https://www.linkedin.com/in/christine-cox-4q52o4,Performance Experience Inc.,CFO,North Adambury,Oklahoma,Chad,,https://www.performance.com,https://www.linkedin.com/company/performance-experience,contact@performance.com,,"growth, enterprise, automation, innovation, blockchain, digital",
Stephanie,Watson,stephanie.watson63@outlook.com,431-393-7886x411,,Performance Experience Inc.,Manager,North Adambury,Oklahoma,Chad,,https://www.performance.com,https://www.linkedin.com/company/performance-experience,contact@performance.com,,"growth, enterprise, automation, innovation, blockchain, digital",
Michelle,Diaz,michelle.diaz5779@but.com,(846)394-4280x440,,But Mouth Inc.,Software Engineer,Romanchester,Iowa,,Energy,https://www.but.com,https://www.linkedin.com/company/but-mouth,contact@but.com,255.467.5889x88826,"saas, leadership, growth, ai, technology","Show agent guess lead boy understand opportunity. Career message beat three tonight.
Art just television yard man price factor. Take type former change remain modern."
James,Baker,james.baker8279@gmail.com,673-453-2337x08509,https://www.linkedin.com/in/james-baker-v18w6,Pay Cell Solutions,Business Analyst,South Megan,Nevada,Jordan,Energy,,,contact@pay.com,,"sustainability, saas, technology, automation",Over edge involve. Great company Mrs along. Institution find human dark. These clear hair yeah can ready around.
Laura,Gallegos,laura.gallegos0463@treatment.com,001-231-309-0432,https://www.linkedin.com/in/laura-gallegos-bisr,Treatment Season Group,,East Cindyland,,Kenya,Consulting,https://www.treatment.com,,contact@treatment.com,+1-786-869-0825x69582,"blockchain, analytics, digital, technology",
Robert,Lopez,robert.lopez494@outlook.com,(963)206-8437x262,https://www.linkedin.com/in/robert-lopez-feo7a,Structure Finally Corp.,,,South Dakota,,,,https://www.linkedin.com/company/structure-finally,contact@structure.com,,"sustainability, cloud, saas, automation, consulting","Only now center free key. Officer although work evening.
Office together learn figure interview owner one. Run unit take as doctor wall remain. Ten south nice building art."
Dominic,Shaw,dominic.shaw1364@yahoo.com,386-743-7474,https://www.linkedin.com/in/dominic-shaw-okc2zm,Follow Build Corp.,Sales Representative,South Travis,,Congo,,https://www.follow.com,,contact@follow.com,(360)594-8672,"blockchain, cloud, sustainability, startup",Field explain race tree. Eight material pull modern present.
Debra,Hall,debra.hall98@yahoo.com,222-590-6858x47308,https://www.linkedin.com/in/debra-hall-s5owd,Reason Their Inc.,HR Manager,Caseyberg,,Angola,,https://www.reason.com,https://www.linkedin.com/company/reason-their,,,,
Javier,Wells,javier.wells8533@gmail.com,(262)400-9778x5096,https://www.linkedin.com/in/javier-wells-qk8c,Pay Cell Solutions,Sales Representative,South Megan,Nevada,Jordan,Energy,,,contact@pay.com,,"sustainability, saas, technology, automation",Over edge involve. Great company Mrs along. Institution find human dark. These clear hair yeah can ready around.
Ronald,Wood,ronald.wood96@outlook.com,693.952.0810,,Fast Senior LLC,Manager,,,,,,https://www.linkedin.com/company/fast-senior,,5472546154,"sustainability, ai, innovation, leadership","Friend good exactly turn. Security above parent explain pretty cover.
Television matter pick see better. Miss plan southern it eight indeed enjoy."
Lisa,Green,lisa.green29@outlook.com,(720)705-9278x86712,https://www.linkedin.com/in/lisa-green-2zji,Treatment Season Group,CEO,East Cindyland,,Kenya,Consulting,https://www.treatment.com,,contact@treatment.com,+1-786-869-0825x69582,"blockchain, analytics, digital, technology",
Natalie,Evans,natalie.evans69@yahoo.com,+1-913-749-4277x612,https://www.linkedin.com/in/natalie-evans-hge0,But Mouth Inc.,HR Manager,Romanchester,Iowa,,Energy,https://www.but.com,https://www.linkedin.com/company/but-mouth,contact@but.com,255.467.5889x88826,"saas, leadership, growth, ai, technology","Show agent guess lead boy understand opportunity. Career message beat three tonight.
Art just television yard man price factor. Take type former change remain modern."
Troy,Jordan,troy.jordan7457@yahoo.com,(711)764-2826,https://www.linkedin.com/in/troy-jordan-isd68,Fast Senior LLC,Product Manager,,,,,,https://www.linkedin.com/company/fast-senior,,5472546154,"sustainability, ai, innovation, leadership","Friend good exactly turn. Security above parent explain pretty cover.
Television matter pick see better. Miss plan southern it eight indeed enjoy."
Johnny,Boyd,johnny.boyd302@outlook.com,764-272-1707x9368,,Fast Senior LLC,CTO,,,,,,https://www.linkedin.com/company/fast-senior,,5472546154,"sustainability, ai, innovation, leadership","Friend good exactly turn. Security above parent explain pretty cover.
Television matter pick see better. Miss plan southern it eight indeed enjoy."
Samantha,Meyers,samantha.meyers559@yahoo.com,514-937-4622x0990,https://www.linkedin.com/in/samantha-meyers-qq1vy,Fast Senior LLC,CFO,,,,,,https://www.linkedin.com/company/fast-senior,,5472546154,"sustainability, ai, innovation, leadership","Friend good exactly turn. Security above parent explain pretty cover.
Television matter pick see better. Miss plan southern it eight indeed enjoy."
Robert,Coleman,robert.coleman7319@them.com,402-282-6414,https://www.linkedin.com/in/robert-coleman-udck,Them Enough Ltd.,,New Charlestown,Wisconsin,,Healthcare,https://www.them.com,https://www.linkedin.com/company/them-enough,contact@them.com,+1-234-793-7873x6433,"technology, analytics, ai, growth, blockchain, sustainability",
Charles,Hensley,charles.hensley9100@outlook.com,+1-479-235-9322x9165,https://www.linkedin.com/in/charles-hensley-snm13f,Performance Experience Inc.,Marketing Manager,North Adambury,Oklahoma,Chad,,https://www.performance.com,https://www.linkedin.com/company/performance-experience,contact@performance.com,,"growth, enterprise, automation, innovation, blockchain, digital",
Jessica,Weaver,jessica.weaver361@outlook.com,(482)506-5893,https://www.linkedin.com/in/jessica-weaver-sz0nts,Reason Their Inc.,Director,Caseyberg,,Angola,,https://www.reason.com,https://www.linkedin.com/company/reason-their,,,,
Pamela,Morgan,pamela.morgan2300@outlook.com,+1-965-414-8289,https://www.linkedin.com/in/pamela-morgan-x1y8,Study Wife Inc.,,Davidport,Utah,Italy,Real Estate,https://www.study.com,https://www.linkedin.com/company/study-wife,,907-989-2062x2645,"technology, automation, startup, growth, cloud, sustainability",
Brent,Jenkins,brent.jenkins6569@gmail.com,(564)416-1403,https://www.linkedin.com/in/brent-jenkins-kqquj0pu,Performance Experience Inc.,,North Adambury,Oklahoma,Chad,,https://www.performance.com,https://www.linkedin.com/company/performance-experience,contact@performance.com,,"growth, enterprise, automation, innovation, blockchain, digital",
Nicholas,Gray,nicholas.gray928@yahoo.com,+1-628-207-3335x805,https://www.linkedin.com/in/nicholas-gray-865wgu1,Them Enough Ltd.,Manager,New Charlestown,Wisconsin,,Healthcare,https://www.them.com,https://www.linkedin.com/company/them-enough,contact@them.com,+1-234-793-7873x6433,"technology, analytics, ai, growth, blockchain, sustainability",
Sarah,Wall,sarah.wall245@gmail.com,+1-958-734-6686,https://www.linkedin.com/in/sarah-wall-i56lqad,Fast Senior LLC,CTO,,,,,,https://www.linkedin.com/company/fast-senior,,5472546154,"sustainability, ai, innovation, leadership","Friend good exactly turn. Security above parent explain pretty cover.
Television matter pick see better. Miss plan southern it eight indeed enjoy."
Derek,Anderson,derek.anderson185@gmail.com,+1-776-596-2529x70053,,Them Enough Ltd.,Marketing Manager,New Charlestown,Wisconsin,,Healthcare,https://www.them.com,https://www.linkedin.com/company/them-enough,contact@them.com,+1-234-793-7873x6433,"technology, analytics, ai, growth, blockchain, sustainability",
Angela,Wagner,angela.wagner83@yahoo.com,(997)479-4132x80908,https://www.linkedin.com/in/angela-wagner-397no,Somebody Media Corp.,,Nicholsshire,,United Kingdom,Finance,https://www.somebody.com,https://www.linkedin.com/company/somebody-media,contact@somebody.com,+1-291-455-9209,"ai, analytics, consulting, cloud, saas",Arrive drug light tax. Black million half during financial. Not add ask perhaps. Become stage job.
Lisa,Snyder,lisa.snyder671@fast.com,001-756-420-3881x4014,https://www.linkedin.com/in/lisa-snyder-uvs5,Fast Senior LLC,,,,,,,https://www.linkedin.com/company/fast-senior,,5472546154,"sustainability, ai, innovation, leadership","Friend good exactly turn. Security above parent explain pretty cover.
Television matter pick see better. Miss plan southern it eight indeed enjoy."
Mary,Edwards,mary.edwards907@outlook.com,986.538.6249,https://www.linkedin.com/in/mary-edwards-oboyziw,Structure Finally Corp.,Business Analyst,,South Dakota,,,,https://www.linkedin.com/company/structure-finally,contact@structure.com,,"sustainability, cloud, saas, automation, consulting","Only now center free key. Officer although work evening.
Office together learn figure interview owner one. Run unit take as doctor wall remain. Ten south nice building art."
Karen,Jones,karen.jones912@outlook.com,001-853-911-3852x18522,https://www.linkedin.com/in/karen-jones-a5urqmu,Pay Cell Solutions,Sales Representative,South Megan,Nevada,Jordan,Energy,,,contact@pay.com,,"sustainability, saas, technology, automation",Over edge involve. Great company Mrs along. Institution find human dark. These clear hair yeah can ready around.
Rachel,Perez,rachel.perez450@them.com,968-632-1194,https://www.linkedin.com/in/rachel-perez-mz21jv,Them Enough Ltd.,Manager,New Charlestown,Wisconsin,,Healthcare,https://www.them.com,https://www.linkedin.com/company/them-enough,contact@them.com,+1-234-793-7873x6433,"technology, analytics, ai, growth, blockchain, sustainability",
Joseph,Fields,joseph.fields3231@follow.com,(387)923-9552,,Follow Build Corp.,,South Travis,,Congo,,https://www.follow.com,,contact@follow.com,(360)594-8672,"blockchain, cloud, sustainability, startup",Field explain race tree. Eight material pull modern present.
Donald,Wilson,donald.wilson545@outlook.com,+1-599-540-7277x316,,But Mouth Inc.,CEO,Romanchester,Iowa,,Energy,https://www.but.com,https://www.linkedin.com/company/but-mouth,contact@but.com,255.467.5889x88826,"saas, leadership, growth, ai, technology","Show agent guess lead boy understand opportunity. Career message beat three tonight.
Art just television yard man price factor. Take type former change remain modern."
Steven,Bowen,steven.bowen52@study.com,+1-569-266-9793x2602,,Study Wife Inc.,Software Engineer,Davidport,Utah,Italy,Real Estate,https://www.study.com,https://www.linkedin.com/company/study-wife,,907-989-2062x2645,"technology, automation, startup, growth, cloud, sustainability",
Brian,Roberts,brian.roberts663@yahoo.com,684-842-2623x892,,Study Wife Inc.,CFO,Davidport,Utah,Italy,Real Estate,https://www.study.com,https://www.linkedin.com/company/study-wife,,907-989-2062x2645,"technology, automation, startup, growth, cloud, sustainability",
Misty,Proctor,misty.proctor442@yahoo.com,+1-870-520-2253x396,,Treatment Season Group,Manager,East Cindyland,,Kenya,Consulting,https://www.treatment.com,,contact@treatment.com,+1-786-869-0825x69582,"blockchain, analytics, digital, technology",
Diana,Fowler,diana.fowler4609@yahoo.com,774-579-2078x049,,Treatment Season Group,Business Analyst,East Cindyland,,Kenya,Consulting,https://www.treatment.com,,contact@treatment.com,+1-786-869-0825x69582,"blockchain, analytics, digital, technology",
Stephanie,Watson,stephanie.watson63@outlook.com,+1-774-887-1873x403,,Performance Experience Inc.,Manager,North Adambury,Oklahoma,Chad,,https://www.performance.com,https://www.linkedin.com/company/performance-experience,contact@performance.com,,"growth, enterprise, automation, innovation, blockchain, digital",
Mark,Gilbert,mark.gilbert32@yahoo.com,701.393.0125,https://www.linkedin.com/in/mark-gilbert-kzlmxb4t,Performance Experience Inc.,Manager,North Adambury,Oklahoma,Chad,,https://www.performance.com,https://www.linkedin.com/company/performance-experience,contact@performance.com,,"growth, enterprise, automation, innovation, blockchain, digital",
Madison,Johnson,madison.johnson120@treatment.com,+1-293-756-7248x301,https://www.linkedin.com/in/madison-johnson-au5fpb,Treatment Season Group,Product Manager,East Cindyland,,Kenya,Consulting,https://www.treatment.com,,contact@treatment.com,+1-786-869-0825x69582,"blockchain, analytics, digital, technology",
James,Olson,james.olson55@outlook.com,683-378-7885x1352,,Follow Build Corp.,,South Travis,,Congo,,https://www.follow.com,,contact@follow.com,(360)594-8672,"blockchain, cloud, sustainability, startup",Field explain race tree. Eight material pull modern present.
Danielle,Garza,danielle.garza308@yahoo.com,001-952-219-9763x0056,https://www.linkedin.com/in/danielle-garza-011ac2,Pay Cell Solutions,HR Manager,South Megan,Nevada,Jordan,Energy,,,contact@pay.com,,"sustainability, saas, technology, automation",Over edge involve. Great company Mrs along. Institution find human dark. These clear hair yeah can ready around.
Brenda,Roberson,brenda.roberson399@reason.com,7389327703,https://www.linkedin.com/in/brenda-roberson-s2t0m,Reason Their Inc.,Director,Caseyberg,,Angola,,https://www.reason.com,https://www.linkedin.com/company/reason-their,,,,
David,Anderson,david.anderson94@treatment.com,(883)361-0257x620,https://www.linkedin.com/in/david-anderson-ht8ac6,Treatment Season Group,Software Engineer,East Cindyland,,Kenya,Consulting,https://www.treatment.com,,contact@treatment.com,+1-786-869-0825x69582,"blockchain, analytics, digital, technology",
Jacqueline,Reynolds,jacqueline.reynolds0380@treatment.com,(976)633-7008x276,https://www.linkedin.com/in/jacqueline-reynolds-807j7,Treatment Season Group,Software Engineer,East Cindyland,,Kenya,Consulting,https://www.treatment.com,,contact@treatment.com,+1-786-869-0825x69582,"blockchain, analytics, digital, technology",
Collin,Young,collin.young1454@gmail.com,+1-786-455-9185,https://www.linkedin.com/in/collin-young-6pvgrw90,Reason Their Inc.,Marketing Manager,Caseyberg,,Angola,,https://www.reason.com,https://www.linkedin.com/company/reason-their,,,,
Jennifer,Clarke,jennifer.clarke703@outlook.com,001-531-513-9218,https://www.linkedin.com/in/jennifer-clarke-3007ji4,Structure Finally Corp.,CTO,,South Dakota,,,,https://www.linkedin.com/company/structure-finally,contact@structure.com,,"sustainability, cloud, saas, automation, consulting","Only now center free key. Officer although work evening.
Office together learn figure interview owner one. Run unit take as doctor wall remain. Ten south nice building art."
Philip,Coleman,philip.coleman97@reason.com,815.416.4362,,Reason Their Inc.,CFO,Caseyberg,,Angola,,https://www.reason.com,https://www.linkedin.com/company/reason-their,,,,
Melissa,Ramos,melissa.ramos2904@study.com,767.641.3569x540,https://www.linkedin.com/in/melissa-ramos-sjjc3hgk,Study Wife Inc.,Business Analyst,Davidport,Utah,Italy,Real Estate,https://www.study.com,https://www.linkedin.com/company/study-wife,,907-989-2062x2645,"technology, automation, startup, growth, cloud, sustainability",
Alyssa,Anderson,alyssa.anderson5430@study.com,9013027999,,Study Wife Inc.,Marketing Manager,Davidport,Utah,Italy,Real Estate,https://www.study.com,https://www.linkedin.com/company/study-wife,,907-989-2062x2645,"technology, automation, startup, growth, cloud, sustainability",
David,Ortiz,david.ortiz2294@gmail.com,(425)755-5178,https://www.linkedin.com/in/david-ortiz-vkk2,Structure Finally Corp.,Business Analyst,,South Dakota,,,,https://www.linkedin.com/company/structure-finally,contact@structure.com,,"sustainability, cloud, saas, automation, consulting","Only now center free key. Officer although work evening.
Office together learn figure interview owner one. Run unit take as doctor wall remain. Ten south nice building art."
Adrienne,Rios,adrienne.rios44@outlook.com,554-675-5661,https://www.linkedin.com/in/adrienne-rios-nq14l1,Them Enough Ltd.,Product Manager,New Charlestown,Wisconsin,,Healthcare,https://www.them.com,https://www.linkedin.com/company/them-enough,contact@them.com,+1-234-793-7873x6433,"technology, analytics, ai, growth, blockchain, sustainability",
Jason,Howard,jason.howard243@outlook.com,265-381-0922,https://www.linkedin.com/in/jason-howard-fwqe,Study Wife Inc.,CEO,Davidport,Utah,Italy,Real Estate,https://www.study.com,https://www.linkedin.com/company/study-wife,,907-989-2062x2645,"technology, automation, startup, growth, cloud, sustainability",
Brenda,Galvan,brenda.galvan15@yahoo.com,001-737-803-8510x164,https://www.linkedin.com/in/brenda-galvan-9fdi,But Mouth Inc.,Sales Representative,Romanchester,Iowa,,Energy,https://www.but.com,https://www.linkedin.com/company/but-mouth,contact@but.com,255.467.5889x88826,"saas, leadership, growth, ai, technology","Show agent guess lead boy understand opportunity. Career message beat three tonight.
Art just television yard man price factor. Take type former change remain modern."
Jon,Pena,jon.pena95@gmail.com,598.482.1367x54584,https://www.linkedin.com/in/jon-pena-tv4p,Then Field Group,HR Manager,Zacharyberg,Maine,San Marino,Technology,,https://www.linkedin.com/company/then-field,,,,"Goal teacher animal use instead imagine new training. Star forward force leave discover perhaps.
Report daughter station trip coach develop it. Cell continue soldier."
Gwendolyn,Casey,gwendolyn.casey904@follow.com,826.745.7170x8882,https://www.linkedin.com/in/gwendolyn-casey-f9gs7lcf,Follow Build Corp.,,South Travis,,Congo,,https://www.follow.com,,contact@follow.com,(360)594-8672,"blockchain, cloud, sustainability, startup",Field explain race tree. Eight material pull modern present.
Hunter,Conrad,hunter.conrad88@yahoo.com,(634)619-4164,https://www.linkedin.com/in/hunter-conrad-log9ei,But Mouth Inc.,Director,Romanchester,Iowa,,Energy,https://www.but.com,https://www.linkedin.com/company/but-mouth,contact@but.com,255.467.5889x88826,"saas, leadership, growth, ai, technology","Show agent guess lead boy understand opportunity. Career message beat three tonight.
Art just television yard man price factor. Take type former change remain modern."
Candace,Watson,candace.watson69@performance.com,+1-965-455-3350x62600,,Performance Experience Inc.,CFO,North Adambury,Oklahoma,Chad,,https://www.performance.com,https://www.linkedin.com/company/performance-experience,contact@performance.com,,"growth, enterprise, automation, innovation, blockchain, digital",
Amanda,Johnson,amanda.johnson8561@gmail.com,+1-591-825-1670x478,https://www.linkedin.com/in/amanda-johnson-2dcgm05,But Mouth Inc.,,Romanchester,Iowa,,Energy,https://www.but.com,https://www.linkedin.com/company/but-mouth,contact@but.com,255.467.5889x88826,"saas, leadership, growth, ai, technology","Show agent guess lead boy understand opportunity. Career message beat three tonight.
Art just television yard man price factor. Take type former change remain modern."
Roy,Barrett,roy.barrett5607@performance.com,9492192989,https://www.linkedin.com/in/roy-barrett-3h3cuhq,Performance Experience Inc.,,North Adambury,Oklahoma,Chad,,https://www.performance.com,https://www.linkedin.com/company/performance-experience,contact@performance.com,,"growth, enterprise, automation, innovation, blockchain, digital",
Mark,Graham,mark.graham80@somebody.com,880.273.9347x4684,https://www.linkedin.com/in/mark-graham-k0hn5t,Somebody Media Corp.,Software Engineer,Nicholsshire,,United Kingdom,Finance,https://www.somebody.com,https://www.linkedin.com/company/somebody-media,contact@somebody.com,+1-291-455-9209,"ai, analytics, consulting, cloud, saas",Arrive drug light tax. Black million half during financial. Not add ask perhaps. Become stage job.
Candice,Maxwell,candice.maxwell2733@reason.com,7077364903,https://www.linkedin.com/in/candice-maxwell-r40e8v2,Reason Their Inc.,Software Engineer,Caseyberg,,Angola,,https://www.reason.com,https://www.linkedin.com/company/reason-their,,,,
Joseph,Fields,joseph.fields150@outlook.com,(486)686-4117x395,https://www.linkedin.com/in/joseph-fields-m7neaih,Structure Finally Corp.,Sales Representative,,South Dakota,,,,https://www.linkedin.com/company/structure-finally,contact@structure.com,,"sustainability, cloud, saas, automation, consulting","Only now center free key. Officer although work evening.
Office together learn figure interview owner one. Run unit take as doctor wall remain. Ten south nice building art."
Jonathan,Harris,jonathan.harris935@outlook.com,353.509.2990,https://www.linkedin.com/in/jonathan-harris-8d5zerx,Reason Their Inc.,,Caseyberg,,Angola,,https://www.reason.com,https://www.linkedin.com/company/reason-their,,,,
Marvin,Olson,marvin.olson95@yahoo.com,001-944-816-5718,https://www.linkedin.com/in/marvin-olson-p53s,Somebody Media Corp.,Software Engineer,Nicholsshire,,United Kingdom,Finance,https://www.somebody.com,https://www.linkedin.com/company/somebody-media,contact@somebody.com,+1-291-455-9209,"ai, analytics, consulting, cloud, saas",Arrive drug light tax. Black million half during financial. Not add ask perhaps. Become stage job.
Jennifer,Ferguson,jennifer.ferguson6715@fast.com,001-305-361-2148x8337,,Fast Senior LLC,CFO,,,,,,https://www.linkedin.com/company/fast-senior,,5472546154,"sustainability, ai, innovation, leadership","Friend good exactly turn. Security above parent explain pretty cover.
Television matter pick see better. Miss plan southern it eight indeed enjoy."
Eric,Lee,eric.lee56@performance.com,506-789-1285x4091,https://www.linkedin.com/in/eric-lee-w8ckdja6,Performance Experience Inc.,Software Engineer,North Adambury,Oklahoma,Chad,,https://www.performance.com,https://www.linkedin.com/company/performance-experience,contact@performance.com,,"growth, enterprise, automation, innovation, blockchain, digital",
Jessica,Hoffman,jessica.hoffman65@study.com,899.598.4052x65952,https://www.linkedin.com/in/jessica-hoffman-ttoy5u,Study Wife Inc.,Software Engineer,Davidport,Utah,Italy,Real Estate,https://www.study.com,https://www.linkedin.com/company/study-wife,,907-989-2062x2645,"technology, automation, startup, growth, cloud, sustainability",
Amy,Barr,amy.barr343@yahoo.com,(318)730-9894,,Reason Their Inc.,,Caseyberg,,Angola,,https://www.reason.com,https://www.linkedin.com/company/reason-their,,,,
Marcus,Krueger,marcus.krueger257@gmail.com,4492041873,https://www.linkedin.com/in/marcus-krueger-70nbt,Fast Senior LLC,Director,,,,,,https://www.linkedin.com/company/fast-senior,,5472546154,"sustainability, ai, innovation, leadership","Friend good exactly turn. Security above parent explain pretty cover.
Television matter pick see better. Miss plan southern it eight indeed enjoy."
Daniel,Martinez,daniel.martinez8108@gmail.com,+1-755-940-9757x70130,https://www.linkedin.com/in/daniel-martinez-xh4we,Performance Experience Inc.,HR Manager,North Adambury,Oklahoma,Chad,,https://www.performance.com,https://www.linkedin.com/company/performance-experience,contact@performance.com,,"growth, enterprise, automation, innovation, blockchain, digital",
Jeffrey,Rodriguez,jeffrey.rodriguez398@outlook.com,(207)647-5464x3589,https://www.linkedin.com/in/jeffrey-rodriguez-9toufe,Them Enough Ltd.,CTO,New Charlestown,Wisconsin,,Healthcare,https://www.them.com,https://www.linkedin.com/company/them-enough,contact@them.com,+1-234-793-7873x6433,"technology, analytics, ai, growth, blockchain, sustainability",
Colleen,Anderson,colleen.anderson061@outlook.com,207.538.8527x27850,,Follow Build Corp.,CTO,South Travis,,Congo,,https://www.follow.com,,contact@follow.com,(360)594-8672,"blockchain, cloud, sustainability, startup",Field explain race tree. Eight material pull modern present.
Alex,Turner,alex.turner061@yahoo.com,+1-762-481-3651x6753,https://www.linkedin.com/in/alex-turner-7k2h23,Follow Build Corp.,,South Travis,,Congo,,https://www.follow.com,,contact@follow.com,(360)594-8672,"blockchain, cloud, sustainability, startup",Field explain race tree. Eight material pull modern present.
Heather,Robinson,heather.robinson17@gmail.com,944.706.3389x8456,https://www.linkedin.com/in/heather-robinson-r8lbf,Treatment Season Group,Product Manager,East Cindyland,,Kenya,Consulting,https://www.treatment.com,,contact@treatment.com,+1-786-869-0825x69582,"blockchain, analytics, digital, technology",
Christopher,Hampton,christopher.hampton2850@follow.com,4004089454,,Follow Build Corp.,Product Manager,South Travis,,Congo,,https://www.follow.com,,contact@follow.com,(360)594-8672,"blockchain, cloud, sustainability, startup",Field explain race tree. Eight material pull modern present.
Morgan,Clark,morgan.clark020@structure.com,+1-210-709-5922x497,https://www.linkedin.com/in/morgan-clark-nih4zb9,Structure Finally Corp.,Business Analyst,,South Dakota,,,,https://www.linkedin.com/company/structure-finally,contact@structure.com,,"sustainability, cloud, saas, automation, consulting","Only now center free key. Officer although work evening.
Office together learn figure interview owner one. Run unit take as doctor wall remain. Ten south nice building art."
Michelle,Mccarthy,michelle.mccarthy78@structure.com,9263156010,https://www.linkedin.com/in/michelle-mccarthy-l79fvca,Structure Finally Corp.,CTO,,South Dakota,,,,https://www.linkedin.com/company/structure-finally,contact@structure.com,,"sustainability, cloud, saas, automation, consulting","Only now center free key. Officer although work evening.
Office together learn figure interview owner one. Run unit take as doctor wall remain. Ten south nice building art."
